change,avg_wait
-0.3,6.025182003411485
-0.2,7.40661783162573
-0.1,6.330926366591938
0.1,5.45744858482615
0.2,5.98447103141917
0.3,5.589706197860177
